<?xml version="1.0" encoding="UTF-8"?>

<hibernate-configuration>  
  
    <session-factory>  
        <property name="hbm2ddl.auto">update</property>  
        <property name="connection.driver_class">com.mysql.jdbc.Driver</property>
        <property name="dialect">org.hibernate.dialect.Oracle9Dialect</property>  
        <property name="connection.url">jdbc:mysql://localhost:3306/myhiber</property>  
        <property name="connection.username">root</property>  
        <property name="connection.password">root</property>  
        
    <mapping resource="employee.hbm.xml"/>  
    <mapping resource="address.hbm.xml"/>  
    </session-factory>  
  
</hibernate-configuration>  